congress,chamber,icpsr,state_icpsr,district_code,state_abbrev,party_code,occupancy,last_means,bioname,bioguide_id,born,died,nominate_dim1,nominate_dim2,nominate_log_likelihood,nominate_geo_mean_probability,nominate_number_of_votes,nominate_number_of_errors,conditional,nokken_poole_dim1,nokken_poole_dim2,Meta
116,House,20301,41,3,AL,200,,,"ROGERS, Mike Dennis",R000575,1958,,0.355,0.459,-168.05046,0.7983,746,70,,0.52,0.367,"Source:  Lewis, Jeffrey B., Keith Poole, Howard Rosenthal, Adam Boche, Aaron Rudkin, and Luke Sonnet (2020). Voteview: Congressional Roll-Call Votes Database. https://voteview.com/ "
116,House,21102,41,7,AL,100,,,"SEWELL, Terri",S001185,1965,,-0.391,0.402,-28.35716,0.9637,767,11,,-0.431,0.386,Retrieved: 2020-10-07
116,House,21192,41,2,AL,200,,,"ROBY, Martha",R000591,1976,,0.362,0.658,-88.22659,0.88206,703,30,,0.345,0.671,
116,House,21193,41,5,AL,200,,,"BROOKS, Mo",B001274,1954,,0.649,-0.449,-133.0951,0.84368,783,49,,0.779,-0.38,
116,House,21376,41,1,AL,200,,,"BYRNE, Bradley",B001289,1955,,0.611,0.246,-102.12042,0.86017,678,40,,0.709,0.174,
116,House,21500,41,6,AL,200,,,"PALMER, Gary James",P000609,1954,,0.711,-0.04,-98.96553,0.87983,773,41,,0.668,0.071,
116,House,29701,41,4,AL,200,,,"ADERHOLT, Robert",A000055,1965,,0.369,0.59,-119.35356,0.85288,750,43,,0.453,0.478,
116,House,14066,81,1,AK,200,,,"YOUNG, Donald Edwin",Y000033,1933,,0.284,0.022,-216.84125,0.75007,754,81,,0.33,0.113,
116,House,20305,61,3,AZ,100,,,"GRIJALVA, Raúl M.",G000551,1948,,-0.599,-0.256,-21.38608,0.97181,748,8,,-0.583,-0.576,
116,House,20902,61,2,AZ,100,,,"KIRKPATRICK, Ann",K000368,1950,,-0.164,-0.007,-46.64628,0.93481,692,19,,-0.369,0.4,
116,House,21103,61,4,AZ,200,,,"GOSAR, Paul",G000565,1958,,0.678,-0.42,-117.46036,0.85231,735,45,,0.919,-0.395,
116,House,21105,61,6,AZ,200,,,"SCHWEIKERT, David",S001183,1962,,0.589,-0.321,-197.31712,0.77824,787,92,,0.517,-0.296,
116,House,21502,61,7,AZ,100,,,"GALLEGO, Ruben",G000574,1979,,-0.449,-0.013,-20.98747,0.97332,776,11,,-0.431,0.042,
116,House,21705,61,5,AZ,200,,,"BIGGS, Andrew S.",B001302,1958,,0.882,-0.471,-93.71435,0.88583,773,30,,1,-0.03,
116,House,21739,61,1,AZ,100,,,"O'HALLERAN, Thomas C.",O000171,1946,,-0.188,0.147,-44.29308,0.94459,777,15,,-0.333,0.402,
116,House,21757,61,8,AZ,200,,,"LESKO, Debbie",L000589,1958,,0.606,-0.033,-102.0045,0.87697,777,48,,0.595,0.001,
116,House,21968,61,9,AZ,100,,,"STANTON, Greg",S001211,1970,,-0.311,-0.051,-19.95498,0.97496,787,8,,-0.311,-0.051,
116,House,21106,42,1,AR,200,,,"CRAWFORD, Rick",C001087,1966,,0.414,0.493,-84.16673,0.89039,725,36,,0.511,0.531,
116,House,21108,42,3,AR,200,,,"WOMACK, Steve",W000809,1957,,0.357,0.586,-66.47716,0.9192,789,23,,0.383,0.613,
116,House,21503,42,2,AR,200,,,"HILL, French",H001072,1956,,0.454,0.227,-90.0628,0.89135,783,33,,0.424,0.333,
116,House,21563,42,4,AR,200,,,"WESTERMAN, Bruce Eugene",W000821,1967,,0.55,0.352,-71.5456,0.91182,775,29,,0.551,0.46,
116,House,15448,71,12,CA,100,,,"PELOSI, Nancy",P000197,1940,,-0.49,-0.206,-0.604,0.99061,64,0,,-0.427,0.184,
116,House,20104,71,28,CA,100,,,"SCHIFF, Adam",S001150,1960,,-0.349,-0.129,-14.57243,0.98165,787,4,,-0.427,-0.01,
116,House,20108,71,53,CA,100,,,"DAVIS, Susan A.",D000598,1944,,-0.343,-0.103,-15.42956,0.98039,779,4,,-0.34,-0.011,
116,House,20307,71,22,CA,200,,,"NUNES, Devin",N000181,1973,,0.449,0.215,-77.42828,0.90573,782,29,,0.457,0.399,
116,House,20310,71,38,CA,100,,,"SÁNCHEZ, Linda T.",S001156,1969,,-0.508,-0.137,-12.6886,0.98355,765,5,,-0.526,-0.043,
116,House,20501,71,16,CA,100,,,"COSTA, Jim",C001059,1952,,-0.192,0.464,-97.86184,0.88209,780,36,,-0.373,0.757,
116,House,20538,71,6,CA,100,,,"MATSUI, Doris",M001163,1944,,-0.434,-0.162,-27.9819,0.96485,782,9,,-0.42,0.079,
116,House,20702,71,9,CA,100,,,"McNERNEY, Jerry",M001166,1951,,-0.262,-0.153,-19.88245,0.97434,765,8,,-0.427,-0.179,
116,House,20703,71,23,CA,200,,,"MCCARTHY, Kevin",M001165,1965,,0.458,0.212,-93.07452,0.88684,775,41,,0.425,0.358,
116,House,20762,71,14,CA,100,,,"SPEIER, Karen Lorraine Jacqueline (Jackie)",S001175,1950,,-0.38,-0.444,-40.81569,0.94717,752,9,,-0.311,-0.249,
116,House,20903,71,4,CA,200,,,"McCLINTOCK, Tom",M001177,1956,,0.719,-0.474,-170.18822,0.80147,769,94,,0.644,-0.382,
116,House,20955,71,27,CA,100,,,"CHU, Judy",C001080,1953,,-0.487,-0.378,-14.14063,0.98219,787,5,,-0.426,-0.435,
116,House,20958,71,3,CA,100,,,"GARAMENDI, John",G000559,1945,,-0.309,-0.093,-31.15225,0.9606,775,8,,-0.301,-0.039,
116,House,20963,71,50,CA,200,,,"HUNTER, Duncan Duane",H001048,1976,,0.539,0.085,-124.54558,0.79736,550,57,,0.637,-0.1,
116,House,21110,71,37,CA,100,,,"BASS, Karen",B001270,1953,,-0.585,-0.106,-16.0441,0.97872,746,8,,-0.574,-0.403,
116,House,21302,71,1,CA,200,,,"LaMALFA, Doug",L000578,1960,,0.53,0.089,-117.63886,0.85746,765,49,,0.503,0.096,
116,House,21303,71,2,CA,100,,,"HUFFMAN, Jared",H001068,1964,,-0.427,-0.543,-23.9188,0.96914,763,7,,-0.418,-0.627,
116,House,21304,71,7,CA,100,,,"BERA, Ami",B001287,1965,,-0.232,0.014,-29.36775,0.96342,788,11,,-0.363,0.301,
116,House,21305,71,8,CA,200,,,"COOK, Paul",C001094,1943,,0.372,0.208,-105.7007,0.87032,761,43,,0.321,0.372,
116,House,21306,71,15,CA,100,,,"SWALWELL, Eric",S001193,1980,,-0.368,-0.105,-21.28233,0.96538,604,7,,-0.523,0.266,
116,House,21308,71,26,CA,100,,,"BROWNLEY, Julia",B001285,1952,,-0.286,0.052,-30.11095,0.96194,776,12,,-0.368,0.213,
116,House,21309,71,29,CA,100,,,"CÁRDENAS, Tony",C001097,1963,,-0.382,0.02,-29.69875,0.96133,753,15,,-0.451,0.038,
116,House,21311,71,36,CA,100,,,"RUIZ, Raul",R000599,1972,,-0.243,0.06,-42.63825,0.94739,789,18,,-0.392,0.218,
116,House,21312,71,41,CA,100,,,"TAKANO, Mark",T000472,1960,,-0.463,-0.262,-16.81702,0.97851,774,6,,-0.399,-0.366,
116,House,21313,71,47,CA,100,,,"LOWENTHAL, Alan",L000579,1941,,-0.45,-0.374,-15.67613,0.98028,787,5,,-0.473,-0.568,
116,House,21314,71,51,CA,100,,,"VARGAS, Juan",V000130,1961,,-0.4,0.099,-31.60754,0.95983,771,11,,-0.546,-0.195,
116,House,21315,71,52,CA,100,,,"PETERS, Scott",P000608,1958,,-0.18,-0.046,-60.75338,0.92404,769,24,,-0.225,0.173,
116,House,21504,71,11,CA,100,,,"DESAULNIER, Mark James",D000623,1952,,-0.529,-0.361,-11.59476,0.98524,780,4,,-0.461,-0.532,
116,House,21506,71,31,CA,100,,,"AGUILAR, Peter Rey",A000371,1979,,-0.291,0.136,-48.94772,0.93933,782,19,,-0.445,0.398,
116,House,21507,71,33,CA,100,,,"LIEU, Ted",L000582,1969,,-0.371,-0.263,-24.84826,0.9675,752,8,,-0.597,-0.183,
116,House,21508,71,35,CA,100,,,"TORRES, Norma Judith",T000474,1965,,-0.361,0.032,-32.61303,0.95895,778,12,,-0.395,0.071,
116,House,21703,71,44,CA,100,,,"BARRAGÁN, Nanette Diaz",B001300,1976,,-0.513,0.046,-21.66833,0.97246,776,11,,-0.48,-0.515,
116,House,21709,71,24,CA,100,,,"CARBAJAL, Salud",C001112,1964,,-0.301,0.143,-18.30468,0.97707,789,4,,-0.357,0.073,
116,House,21711,71,46,CA,100,,,"CORREA, Jose Luis",C001110,1958,,-0.281,0.306,-59.16572,0.92659,776,27,,-0.338,0.171,
116,House,21728,71,17,CA,100,,,"KHANNA, Rohit",K000389,1976,,-0.577,-0.257,-39.46245,0.95109,787,11,,-0.315,-0.638,
116,House,21740,71,20,CA,100,,,"PANETTA, James Varni",P000613,1969,,-0.305,0.048,-37.48932,0.9536,789,15,,-0.305,0.234,
116,House,21754,71,34,CA,100,,,"GOMEZ, Jimmy",G000585,1974,,-0.595,-0.087,-25.3863,0.96806,782,12,,-0.426,-0.497,
116,House,21907,71,39,CA,100,,,"CISNEROS, Gil",C001123,1972,,-0.376,0.576,-48.14337,0.94066,787,16,,-0.376,0.576,
116,House,21909,71,21,CA,100,,,"COX, TJ",C001124,1963,,-0.343,0.477,-48.36117,0.93981,779,14,,-0.343,0.477,
116,House,21930,71,10,CA,100,,,"HARDER, Josh",H001090,1986,,-0.387,0.764,-62.14582,0.92361,782,16,,-0.387,0.764,
116,House,21932,71,25,CA,100,,,"HILL, Katie",H001087,1987,,-0.306,0.114,-20.26703,0.96104,510,8,,-0.305,0.113,
116,House,21939,71,49,CA,100,,,"LEVIN, Mike",L000593,1978,,-0.353,0.12,-20.4994,0.97435,789,7,,-0.353,0.12,
116,House,21954,71,45,CA,100,,,"PORTER, Katie",P000618,1974,,-0.177,0.008,-98.32708,0.88099,776,41,,-0.176,0.008,
116,House,21960,71,48,CA,100,,,"ROUDA, Harley",R000616,1961,,-0.335,0.558,-42.23524,0.94676,772,11,,-0.335,0.558,
116,House,21988,71,25,CA,200,,,"GARCIA, Mike",G000061,1976,,0.431,0.451,-7.29856,0.92893,99,3,,0.432,0.445,
116,House,29106,71,43,CA,100,,,"WATERS, Maxine",W000187,1938,,-0.653,-0.073,-54.2173,0.93293,781,18,,-0.594,0.371,
116,House,29312,71,18,CA,100,,,"ESHOO, Anna Georges",E000215,1942,,-0.381,-0.427,-13.01063,0.98318,767,6,,-0.393,-0.228,
116,House,29317,71,40,CA,100,,,"ROYBAL-ALLARD, Lucille",R000486,1941,,-0.47,-0.186,-15.19797,0.98053,773,6,,-0.398,-0.118,
116,House,29323,71,42,CA,200,,,"CALVERT, Ken",C000059,1953,,0.349,0.22,-80.76556,0.90163,780,25,,0.32,0.524,
116,House,29504,71,19,CA,100,,,"LOFGREN, Zoe",L000397,1947,,-0.402,-0.446,-30.54251,0.96096,767,10,,-0.442,-0.495,
116,House,29707,71,30,CA,100,,,"SHERMAN, Brad",S000344,1954,,-0.342,-0.148,-20.65142,0.97367,774,11,,-0.455,0.065,
116,House,29778,71,13,CA,100,,,"LEE, Barbara",L000551,1946,,-0.683,-0.588,-22.29274,0.97193,783,8,,-0.548,-0.785,
116,House,29901,71,5,CA,100,,,"THOMPSON, Michael",T000460,1951,,-0.395,0.065,-37.07663,0.95311,772,18,,-0.443,0.416,
116,House,29903,71,32,CA,100,,,"NAPOLITANO, Grace Flores",N000179,1936,,-0.448,-0.249,-17.77866,0.97749,781,9,,-0.478,-0.27,
116,House,20704,62,5,CO,200,,,"LAMBORN, Doug",L000564,1954,,0.679,0.197,-71.55022,0.91126,770,32,,0.631,0.249,
116,House,20705,62,7,CO,100,,,"PERLMUTTER, Ed",P000593,1953,,-0.282,0.076,-28.9411,0.9621,749,10,,-0.299,-0.042,
116,House,21111,62,3,CO,200,,,"TIPTON, Scott",T000470,1956,,0.449,-0.021,-119.7689,0.85866,786,47,,0.437,0.026,
116,House,21510,62,4,CO,200,,,"BUCK, Kenneth Robert",B001297,1959,,0.756,-0.459,-105.54007,0.85798,689,44,,0.741,-0.405,
116,House,21912,62,6,CO,100,,,"CROW, Jason",C001121,1979,,-0.271,0.405,-45.97541,0.94332,788,15,,-0.271,0.405,
116,House,21948,62,2,CO,100,,,"NEGUSE, Joseph",N000191,1984,,-0.456,-0.482,-13.9703,0.98241,787,4,,-0.456,-0.482,
116,House,29710,62,1,CO,100,,,"DeGETTE, Diana",D000197,1957,,-0.432,-0.313,-16.12629,0.97951,779,7,,-0.392,-0.365,
116,House,20706,1,2,CT,100,,,"COURTNEY, Joe",C001069,1953,,-0.344,0.017,-21.43305,0.97317,788,6,,-0.359,0.007,
116,House,20907,1,4,CT,100,,,"HIMES, James A.",H001047,1966,,-0.242,-0.238,-41.64391,0.94782,777,16,,-0.319,0.125,
116,House,21931,1,5,CT,100,,,"HAYES, Jahana",H001081,1973,,-0.37,-0.04,-20.54335,0.97323,757,7,,-0.37,-0.04,
116,House,29109,1,3,CT,100,,,"DeLAURO, Rosa L.",D000216,1943,,-0.416,-0.118,-19.20556,0.97518,764,7,,-0.376,-0.05,
116,House,29908,1,1,CT,100,,,"LARSON, John B.",L000557,1948,,-0.397,-0.051,-17.29001,0.97802,778,6,,-0.346,0.003,
116,House,21706,11,1,DE,100,,,"BLUNT ROCHESTER, Lisa",B001303,1962,,-0.332,-0.116,-15.44569,0.98054,786,3,,-0.398,-0.113,
116,House,20316,43,25,FL,200,,,"DIAZ-BALART, Mario",D000600,1961,,0.279,0.121,-129.79684,0.84543,773,50,,0.284,0.222,
116,House,20504,43,23,FL,100,,,"WASSERMAN SCHULTZ, Debbie",W000797,1966,,-0.421,0.07,-26.65708,0.96589,768,7,,-0.356,0.104,
116,House,20708,43,14,FL,100,,,"CASTOR, Kathy",C001066,1966,,-0.438,0.045,-16.35518,0.97941,786,5,,-0.416,-0.073,
116,House,20709,43,16,FL,200,,,"BUCHANAN, Vernon G.",B001260,1951,,0.359,-0.134,-140.02449,0.83133,758,60,,0.345,-0.012,
116,House,20758,43,12,FL,200,,,"BILIRAKIS, Gus",B001257,1963,,0.405,0.019,-122.25034,0.85177,762,55,,0.412,-0.014,
116,House,20909,43,8,FL,200,,,"POSEY, Bill",P000599,1947,,0.518,-0.319,-178.26135,0.79405,773,85,,0.531,-0.329,
116,House,20959,43,22,FL,100,,,"DEUTCH, Theodore E. (Ted)",D000610,1966,,-0.4,-0.094,-19.6709,0.97465,766,7,,-0.394,0.058,
116,House,21116,43,11,FL,200,,,"WEBSTER, Daniel A.",W000806,1949,,0.506,-0.047,-160.05649,0.8062,743,83,,0.558,-0.167,
116,House,21118,43,24,FL,100,,,"WILSON, Frederica",W000808,1942,,-0.476,-0.015,-12.11962,0.98312,712,4,,-0.542,0.023,
116,House,21317,43,3,FL,200,,,"YOHO, Ted",Y000065,1955,,0.705,-0.365,-126.98283,0.83581,708,55,,0.718,-0.335,
116,House,21321,43,21,FL,100,,,"FRANKEL, Lois",F000462,1948,,-0.399,-0.083,-22.51979,0.97042,750,10,,-0.343,-0.03,
116,House,21712,43,13,FL,100,,,"CRIST, Charlie Joseph Jr.",C001111,1956,,-0.222,0.043,-33.96068,0.95777,787,15,,-0.288,0.279,
116,House,21713,43,10,FL,100,,,"DEMINGS, Valdez Butler",D000627,1957,,-0.338,-0.113,-23.94779,0.96995,785,11,,-0.312,0.085,
116,House,21714,43,2,FL,200,,,"DUNN, Neal Patrick",D000628,1953,,0.534,0.219,-120.23826,0.85151,748,56,,0.547,0.172,
116,House,21719,43,1,FL,200,,,"GAETZ, Matthew L. II",G000578,1982,,0.623,-0.579,-196.11983,0.75413,695,89,,0.594,-0.635,
116,House,21732,43,5,FL,100,,,"LAWSON, Alfred Jr.",L000586,1948,,-0.255,0.077,-34.81282,0.95551,765,15,,-0.26,0.068,
116,House,21735,43,18,FL,200,,,"MAST, Brian Jeffery",M001199,1980,,0.415,-0.294,-202.66884,0.7643,754,87,,0.447,-0.348,
116,House,21738,43,7,FL,100,,,"MURPHY, Stephanie",M001202,1978,,-0.156,0.081,-86.34264,0.89597,786,33,,-0.175,0.24,
116,House,21742,43,19,FL,200,,,"ROONEY, Francis",R000607,1953,,0.507,-0.513,-258.84751,0.61019,524,131,,0.492,-0.657,
116,House,21744,43,4,FL,200,,,"RUTHERFORD, John Henry",R000609,1952,,0.395,0.166,-162.57291,0.80719,759,64,,0.425,0.006,
116,House,21746,43,9,FL,100,,,"SOTO, Darren Michael",S001200,1978,,-0.38,0.124,-18.58539,0.97639,778,7,,-0.362,0.002,
116,House,21947,43,26,FL,100,,,"MUCARSEL-POWELL, Debbie",M001207,1971,,-0.344,0.33,-34.08623,0.95745,784,20,,-0.344,0.33,
116,House,21963,43,27,FL,100,,,"SHALALA, Donna",S001206,1941,,-0.351,0.015,-16.87802,0.97876,786,6,,-0.351,0.015,
116,House,21967,43,15,FL,200,,,"SPANO, Ross",S001210,1966,,0.461,0.004,-108.77169,0.86858,772,37,,0.461,0.004,
116,House,21971,43,17,FL,200,,,"STEUBE, William",S001214,1978,,0.658,-0.335,-126.86657,0.84737,766,56,,0.659,-0.336,
116,House,21981,43,6,FL,200,,,"WALTZ, Michael",W000823,1974,,0.409,-0.142,-138.38786,0.83068,746,66,,0.409,-0.143,
116,House,29337,43,20,FL,100,,,"HASTINGS, Alcee Lamar",H000324,1936,,-0.564,0.157,-14.36623,0.97634,600,4,,-0.547,0.217,
116,House,15431,44,5,GA,100,,,"LEWIS, John R.",L000287,1940,,-0.589,-0.221,-11.00536,0.98252,624,5,,-0.449,-0.132,
116,House,20321,44,13,GA,100,,,"SCOTT, David",S001157,1945,,-0.302,0.164,-23.3826,0.9705,781,5,,-0.361,0.12,
116,House,20712,44,4,GA,100,,,"JOHNSON, Hank",J000288,1954,,-0.469,0.012,-36.01344,0.95494,781,10,,-0.462,-0.081,
116,House,20962,44,14,GA,200,,,"GRAVES, Tom",G000560,1970,,0.716,-0.002,-113.96483,0.85361,720,41,,0.664,0.143,
116,House,21122,44,7,GA,200,,,"WOODALL, Rob",W000810,1970,,0.596,-0.185,-136.2761,0.83951,779,58,,0.505,0.084,
116,House,21123,44,8,GA,200,,,"SCOTT, Austin",S001189,1969,,0.569,0.193,-93.76033,0.88619,776,33,,0.563,0.327,
116,House,21323,44,9,GA,200,,,"COLLINS, Doug",C001093,1966,,0.611,0.129,-81.0418,0.896,738,31,,0.595,0.292,
116,House,21513,44,1,GA,200,,,"CARTER, Buddy",C001103,1957,,0.585,0.251,-92.7462,0.88843,784,35,,0.6,0.164,
116,House,21514,44,10,GA,200,,,"HICE, Jody Brownlow",H001071,1960,,0.791,-0.123,-80.56644,0.89763,746,37,,0.854,-0.081,
116,House,21515,44,11,GA,200,,,"LOUDERMILK, Barry D.",L000583,1963,,0.69,-0.008,-78.61167,0.89173,686,29,,0.715,0.142,
116,House,21516,44,12,GA,200,,,"ALLEN, Rick W.",A000372,1951,,0.678,0.292,-90.89955,0.89105,788,38,,0.756,0.355,
116,House,21717,44,3,GA,200,,,"FERGUSON, Anderson Drew IV",F000465,1967,,0.624,0.129,-108.47136,0.87002,779,47,,0.661,0.145,
116,House,21944,44,6,GA,100,,,"McBATH, Lucy",M001208,1960,,-0.258,0.374,-52.36971,0.93562,787,19,,-0.258,0.374,
116,House,29339,44,2,GA,100,,,"BISHOP, Sanford Dixon, Jr.",B000490,1947,,-0.282,0.463,-58.25065,0.92732,772,30,,-0.337,0.279,
116,House,20322,82,1,HI,100,,,"CASE, Ed",C001055,1952,,-0.201,-0.124,-47.21204,0.94177,787,15,,-0.211,0.043,
116,House,21324,82,2,HI,100,,,"GABBARD, Tulsi",G000571,1981,,-0.278,-0.262,-22.64074,0.95607,504,8,,-0.29,-0.526,
116,House,21920,63,1,ID,200,,,"FULCHER, Russell",F000469,1973,,0.624,0.062,-91.60017,0.88906,779,40,,0.624,0.062,
116,House,29910,63,2,ID,200,,,"SIMPSON, Michael K.",S001148,1950,,0.297,0.285,-176.14292,0.79118,752,68,,0.33,0.278,
116,House,20508,21,3,IL,100,,,"LIPINSKI, Daniel",L000563,1966,,-0.228,0.175,-99.71431,0.87779,765,30,,-0.147,0.04,
116,House,20749,21,11,IL,100,,,"FOSTER, Bill",F000454,1955,,-0.228,-0.225,-25.99549,0.96706,776,5,,-0.414,0.104,
116,House,20954,21,5,IL,100,,,"QUIGLEY, Mike",Q000023,1958,,-0.321,-0.281,-19.10064,0.97559,773,6,,-0.386,-0.096,
116,House,21128,21,16,IL,200,,,"KINZINGER, Adam",K000378,1978,,0.275,0.305,-134.24424,0.83327,736,59,,0.3,0.202,
116,House,21326,21,10,IL,100,,,"SCHNEIDER, Brad",S001190,1961,,-0.173,-0.199,-35.81856,0.95534,784,9,,-0.293,0.017,
116,House,21328,21,13,IL,200,,,"DAVIS, Rodney",D000619,1970,,0.277,0.173,-122.43764,0.85246,767,43,,0.237,0.338,
116,House,21329,21,17,IL,100,,,"BUSTOS, Cheri",B001286,1961,,-0.238,0.037,-24.08313,0.9699,788,7,,-0.318,0.215,
116,House,21371,21,2,IL,100,,,"KELLY, Robin L.",K000385,1956,,-0.46,-0.004,-22.82375,0.97138,786,10,,-0.445,0.025,
116,House,21519,21,12,IL,200,,,"BOST, Mike",B001295,1960,,0.274,0.501,-81.56504,0.89075,705,35,,0.298,0.453,
116,House,21562,21,18,IL,200,,,"LaHOOD, Darin",L000585,1968,,0.465,0.149,-90.29542,0.88714,754,33,,0.477,0.262,
116,House,21730,21,8,IL,100,,,"KRISHNAMOORTHI, S. Raja",K000391,1973,,-0.316,-0.106,-32.87225,0.95904,786,13,,-0.358,0.148,
116,House,21906,21,6,IL,100,,,"CASTEN, Sean",C001117,1971,,-0.402,0.252,-29.32789,0.96347,788,9,,-0.402,0.252,
116,House,21921,21,4,IL,100,,,"GARCÍA, Jesús",G000586,1956,,-0.45,-0.747,-24.28808,0.9695,784,9,,-0.45,-0.747,
116,House,21979,21,14,IL,100,,,"UNDERWOOD, Lauren",U000040,1986,,-0.556,0.647,-45.24317,0.94386,783,15,,-0.556,0.647,
116,House,29346,21,1,IL,100,,,"RUSH, Bobby L.",R000515,1946,,-0.478,-0.203,-23.10393,0.96986,755,6,,-0.481,-0.17,
116,House,29717,21,7,IL,100,,,"DAVIS, Danny K.",D000096,1941,,-0.486,-0.263,-15.16791,0.98049,770,3,,-0.48,-0.339,
116,House,29718,21,15,IL,200,,,"SHIMKUS, John M.",S000364,1958,,0.375,0.153,-94.3532,0.88104,745,44,,0.4,0.293,
116,House,29911,21,9,IL,100,,,"SCHAKOWSKY, Janice D.",S001145,1944,,-0.606,-0.269,-13.80089,0.98244,779,4,,-0.498,-0.487,
116,House,15124,22,1,IN,100,,,"VISCLOSKY, Peter",V000108,1949,,-0.402,0.244,-25.15405,0.96839,783,5,,-0.455,0.212,
116,House,20757,22,7,IN,100,,,"CARSON, André",C001072,1974,,-0.431,0.06,-39.91237,0.95037,784,12,,-0.553,0.293,
116,House,21132,22,8,IN,200,,,"BUCSHON, Larry",B001275,1962,,0.405,0.257,-90.28136,0.88882,766,38,,0.444,0.321,
116,House,21330,22,2,IN,200,,,"WALORSKI, Jackie",W000813,1963,,0.426,0.315,-81.56997,0.89848,762,35,,0.39,0.357,
116,House,21331,22,5,IN,200,,,"BROOKS, Susan",B001284,1960,,0.353,0.215,-132.07022,0.84125,764,64,,0.324,0.176,
116,House,21702,22,3,IN,200,,,"BANKS, James E.",B001299,1979,,0.635,0,-107.42653,0.87195,784,51,,0.631,0.031,
116,House,21725,22,9,IN,200,,,"HOLLINGSWORTH, Joseph Albert III",H001074,1983,,0.411,-0.237,-193.52509,0.77802,771,89,,0.392,-0.283,
116,House,21903,22,4,IN,200,,,"BAIRD, James",B001307,1945,,0.428,0.649,-77.99083,0.90554,786,37,,0.428,0.648,
116,House,21952,22,6,IN,200,,,"PENCE, Gregory",P000615,1956,,0.447,0.493,-85.40507,0.89578,776,38,,0.447,0.493,
116,House,20325,31,4,IA,200,,,"KING, Steve",K000362,1949,,0.613,0.172,-189.947,0.77334,739,87,,0.581,-0.181,
116,House,20720,31,2,IA,100,,,"LOEBSACK, Dave",L000565,1952,,-0.276,-0.027,-28.70409,0.96364,775,8,,-0.299,0.211,
116,House,21902,31,3,IA,100,,,"AXNE, Cynthia",A000378,1965,,-0.237,0.564,-78.20966,0.90413,776,33,,-0.237,0.564,
116,House,21918,31,1,IA,100,,,"FINKENAUER, Abby",F000467,1988,,-0.223,0.5,-79.28541,0.90428,788,41,,-0.223,0.5,
116,House,21734,32,1,KS,200,,,"MARSHALL, Roger Wayne",M001198,1960,,0.529,0.145,-114.46314,0.85863,751,56,,0.542,0.104,
116,House,21750,32,4,KS,200,,,"ESTES, Ron",E000298,1956,,0.605,0.088,-93.9783,0.88594,776,43,,0.621,0.082,
116,House,21914,32,3,KS,100,,,"DAVIDS, Sharice",D000629,1980,,-0.248,0.201,-57.48262,0.92939,785,24,,-0.248,0.201,
116,House,21982,32,2,KS,200,,,"WATKINS, Steve",W000824,1976,,0.551,0.073,-108.82801,0.87008,782,49,,0.551,0.072,
116,House,14854,51,5,KY,200,,,"ROGERS, Harold Dallas (Hal)",R000395,1937,,0.337,0.11,-88.13352,0.89342,782,28,,0.337,0.586,
116,House,20723,51,3,KY,100,,,"YARMUTH, John",Y000062,1947,,-0.379,-0.272,-19.82449,0.97494,781,6,,-0.443,-0.174,
116,House,20916,51,2,KY,200,,,"GUTHRIE, Brett",G000558,1964,,0.419,0.274,-67.01794,0.91777,781,26,,0.431,0.49,
116,House,21333,51,6,KY,200,,,"BARR, Garland H. (Andy) IV",B001282,1973,,0.492,0.297,-100.99809,0.87752,773,44,,0.499,0.265,
116,House,21565,51,1,KY,200,,,"COMER, James",C001108,1972,,0.635,-0.006,-116.55044,0.86153,782,55,,0.646,0.017,
116,House,31102,51,4,KY,200,,,"MASSIE, Thomas",M001184,1971,,0.681,-0.732,-233.66875,0.7365,764,100,,0.919,-0.395,
116,House,20759,45,1,LA,200,,,"SCALISE, Steve",S001176,1965,,0.563,0.154,-75.90658,0.90716,779,34,,0.58,0.385,
116,House,21137,45,2,LA,100,,,"RICHMOND, Cedric",R000588,1973,,-0.486,0.332,-40.41531,0.94685,740,15,,-0.663,0.465,
116,House,21522,45,5,LA,200,,,"ABRAHAM, Ralph",A000374,1954,,0.541,0.257,-62.96669,0.87964,491,29,,0.607,0.154,
116,House,21523,45,6,LA,200,,,"GRAVES, Garret",G000577,1972,,0.463,-0.073,-128.18236,0.84792,777,55,,0.423,-0.033,
116,House,21724,45,3,LA,200,,,"HIGGINS, Clay",H001077,1961,,0.574,-0.117,-130.07449,0.83345,714,56,,0.586,-0.193,
116,House,21727,45,4,LA,200,,,"JOHNSON, Mike",J000299,1972,,0.559,-0.071,-109.72475,0.86044,730,43,,0.552,-0.007,
116,House,20920,2,1,ME,100,,,"PINGREE, Chellie",P000597,1955,,-0.421,-0.401,-17.11612,0.97824,778,8,,-0.422,-0.353,
116,House,21923,2,2,ME,100,,,"GOLDEN, Jared",G000592,1982,,-0.127,0.381,-172.08006,0.80405,789,63,,-0.127,0.381,
116,House,14873,52,5,MD,100,,,"HOYER, Steny Hamilton",H000874,1939,,-0.38,0.117,-16.25399,0.97925,775,3,,-0.383,0.153,
116,House,15433,52,7,MD,100,,,"MFUME, Kweisi",M000687,1948,,-0.447,-0.438,-0.88833,0.99124,101,0,,-0.632,-0.082,
116,House,20329,52,2,MD,100,,,"RUPPERSBERGER, C. A. (Dutch)",R000576,1946,,-0.295,0.133,-24.04065,0.96953,777,6,,-0.292,0.01,
116,House,20724,52,3,MD,100,,,"SARBANES, John",S001168,1962,,-0.468,-0.074,-15.97443,0.97988,786,6,,-0.415,-0.092,
116,House,21139,52,1,MD,200,,,"HARRIS, Andy",H001052,1957,,0.656,-0.378,-141.75678,0.83205,771,56,,0.76,-0.437,
116,House,21707,52,4,MD,100,,,"BROWN, Anthony Gregory",B001304,1961,,-0.335,-0.133,-35.52879,0.95542,779,15,,-0.304,-0.076,
116,House,21741,52,8,MD,100,,,"RASKIN, Jamie Ben",R000606,1962,,-0.547,-0.251,-14.99792,0.98108,785,5,,-0.465,-0.556,
116,House,21978,52,6,MD,100,,,"TRONE, David",T000483,1955,,-0.266,-0.046,-28.8316,0.96344,774,5,,-0.265,-0.046,
116,House,29587,52,7,MD,100,,,"CUMMINGS, Elijah Eugene",C000984,1951,,-0.438,-0.148,-14.38346,0.96718,431,7,,-0.385,-0.096,
116,House,15616,3,1,MA,100,,,"NEAL, Richard Edmund",N000015,1949,,-0.417,-0.11,-10.99228,0.98595,777,3,,-0.431,-0.095,
116,House,20119,3,8,MA,100,,,"LYNCH, Stephen F.",L000562,1955,,-0.35,0.037,-32.66794,0.95914,783,10,,-0.3,-0.036,
116,House,21140,3,9,MA,100,,,"KEATING, William R.",K000375,1952,,-0.329,-0.132,-30.17015,0.96187,776,10,,-0.366,0.002,
116,House,21335,3,4,MA,100,,,"KENNEDY, Joseph P. III",K000379,1980,,-0.422,-0.198,-19.89925,0.97471,777,7,,-0.434,-0.6,
116,House,21375,3,5,MA,100,,,"CLARK, Katherine M.",C001101,1963,,-0.484,-0.375,-15.43441,0.98041,780,5,,-0.422,-0.285,
116,House,21525,3,6,MA,100,,,"MOULTON, Seth",M001196,1978,,-0.286,-0.062,-71.4464,0.90336,703,27,,-0.229,0.18,
116,House,21955,3,7,MA,100,,,"PRESSLEY, Ayanna",P000617,1974,,-0.295,-0.955,-40.05012,0.94989,779,19,,-0.295,-0.955,
116,House,21977,3,3,MA,100,,,"TRAHAN, Lori",T000482,1973,,-0.473,-0.187,-18.77729,0.97648,789,6,,-0.473,-0.188,
116,House,29729,3,2,MA,100,,,"McGOVERN, James P.",M000312,1959,,-0.539,-0.301,-14.36237,0.98187,785,5,,-0.466,-0.556,
116,House,15446,23,6,MI,200,,,"UPTON, Frederick Stephen",U000031,1953,,0.333,-0.382,-191.82533,0.78296,784,94,,0.242,-0.053,
116,House,20725,23,7,MI,200,,,"WALBERG, Tim",W000798,1951,,0.517,0.072,-98.74085,0.88152,783,37,,0.466,0.218,
116,House,21142,23,2,MI,200,,,"HUIZENGA, Bill",H001058,1969,,0.581,-0.082,-145.35613,0.82858,773,57,,0.498,-0.057,
116,House,21143,23,3,MI,200,,,"AMASH, Justin",A000367,1980,,0.654,-0.757,-172.05329,0.62734,369,65,,0.919,-0.395,
116,House,21372,23,5,MI,100,,,"KILDEE, Dan",K000380,1958,,-0.396,-0.218,-15.19737,0.98092,789,5,,-0.481,-0.311,
116,House,21526,23,4,MI,200,,,"MOOLENAAR, John",M001194,1961,,0.396,0.425,-73.29501,0.91107,787,30,,0.399,0.363,
116,House,21529,23,12,MI,100,,,"DINGELL, Debbie",D000624,1953,,-0.408,-0.147,-20.89427,0.9732,769,9,,-0.39,-0.429,
116,House,21530,23,14,MI,100,,,"LAWRENCE, Brenda L",L000581,1954,,-0.445,-0.027,-12.83204,0.98326,760,4,,-0.468,0.028,
116,House,21704,23,1,MI,200,,,"BERGMAN, John",B001301,1947,,0.429,0.07,-123.84593,0.85178,772,57,,0.428,0.102,
116,House,21737,23,10,MI,200,,,"MITCHELL, Paul",M001201,1961,,0.422,0.311,-106.10228,0.86726,745,43,,0.421,0.286,
116,House,21940,23,9,MI,100,,,"LEVIN, Andy",L000592,1960,,-0.511,-0.567,-13.50456,0.98299,787,5,,-0.511,-0.567,
116,House,21965,23,8,MI,100,,,"SLOTKIN, Elissa",S001208,1976,,-0.311,0.804,-99.00839,0.88193,788,39,,-0.311,0.804,
116,House,21972,23,11,MI,100,,,"STEVENS, Haley",S001215,1983,,-0.337,0.363,-40.01168,0.95049,788,16,,-0.337,0.363,
116,House,21975,23,13,MI,100,,,"TLAIB, Rashida",T000481,1976,,-0.259,-0.966,-43.24773,0.94626,783,19,,-0.259,-0.966,
116,House,91143,23,3,MI,328,,,"AMASH, Justin",A000367,1980,,0.351,-0.936,-274.09685,0.51246,410,148,,0.35,-0.937,
116,House,20122,33,4,MN,100,,,"McCOLLUM, Betty",M001143,1954,,-0.418,-0.189,-25.55636,0.96809,788,7,,-0.458,-0.084,
116,House,21531,33,6,MN,200,,,"EMMER, Thomas Earl II",E000294,1961,,0.461,-0.061,-128.185,0.83482,710,50,,0.498,-0.014,
116,House,21910,33,2,MN,100,,,"CRAIG, Angela",C001119,1972,,-0.31,0.705,-76.52066,0.90757,789,25,,-0.31,0.705,
116,House,21929,33,1,MN,200,,,"HAGEDORN, Jim",H001088,1962,,0.456,0.382,-73.54679,0.91013,781,35,,0.456,0.381,
116,House,21950,33,5,MN,100,,,"OMAR, Ilhan",O000173,1981,,-0.281,-0.96,-52.47899,0.93294,756,24,,-0.281,-0.96,
116,House,21953,33,3,MN,100,,,"PHILLIPS, Dean",P000616,1969,,-0.233,0.066,-49.23675,0.9395,789,15,,-0.233,0.066,
116,House,21969,33,8,MN,200,,,"STAUBER, Peter",S001212,1966,,0.286,0.175,-128.00715,0.84865,780,56,,0.286,0.175,
116,House,29127,33,7,MN,100,,,"PETERSON, Collin Clark",P000258,1944,,-0.148,0.712,-220.69685,0.75163,773,109,,-0.154,0.745,
116,House,21148,46,4,MS,200,,,"PALAZZO, Steven",P000601,1970,,0.524,0.528,-88.77515,0.88681,739,43,,0.615,0.436,
116,House,21561,46,1,MS,200,,,"KELLY, Trent",K000388,1966,,0.627,0.252,-79.02991,0.90281,773,34,,0.673,0.277,
116,House,21927,46,3,MS,200,,,"GUEST, Michael",G000591,1970,,0.494,0.226,-88.69941,0.89199,776,37,,0.494,0.225,
116,House,29368,46,2,MS,100,,,"THOMPSON, Bennie",T000193,1948,,-0.516,0.399,-24.21884,0.96884,765,10,,-0.557,0.226,
116,House,20124,34,6,MO,200,,,"GRAVES, Samuel",G000546,1963,,0.443,0.174,-116.36214,0.85941,768,49,,0.521,0.363,
116,House,20147,34,1,MO,100,,,"CLAY, William Lacy, Jr.",C001049,1956,,-0.481,-0.079,-18.72191,0.97564,759,8,,-0.592,0.04,
116,House,20517,34,5,MO,100,,,"CLEAVER, Emanuel, II",C001061,1944,,-0.453,0.014,-35.70569,0.95369,753,13,,-0.455,-0.001,
116,House,20926,34,3,MO,200,,,"LUETKEMEYER, Blaine",L000569,1952,,0.438,0.26,-99.89946,0.88036,784,48,,0.389,0.45,
116,House,21149,34,4,MO,200,,,"HARTZLER, Vicky",H001053,1960,,0.464,0.318,-112.96841,0.86387,772,39,,0.395,0.313,
116,House,21150,34,7,MO,200,,,"LONG, Billy",L000576,1955,,0.547,0.24,-115.06009,0.86236,777,45,,0.545,0.069,
116,House,21337,34,2,MO,200,,,"WAGNER, Ann",W000812,1962,,0.441,0.137,-135.78856,0.83871,772,57,,0.394,0.115,
116,House,21373,34,8,MO,200,,,"SMITH, Jason",S001195,1980,,0.598,0.198,-87.89671,0.89445,788,42,,0.575,0.197,
116,House,21751,64,1,MT,200,,,"GIANFORTE, Greg",G000584,1961,,0.434,0.074,-97.2112,0.87221,711,39,,0.44,0.08,
116,House,20518,35,1,NE,200,,,"FORTENBERRY, Jeff",F000449,1960,,0.301,-0.061,-160.64795,0.81147,769,70,,0.31,-0.049,
116,House,20729,35,3,NE,200,,,"SMITH, Adrian",S001172,1970,,0.517,0.19,-97.75038,0.88278,784,44,,0.563,0.283,
116,House,21701,35,2,NE,200,,,"BACON, Donald J.",B001298,1963,,0.401,-0.101,-179.09025,0.79693,789,92,,0.39,-0.127,
116,House,20927,65,1,NV,100,,,"TITUS, Alice (Dina)",T000468,1950,,-0.302,-0.216,-20.12419,0.9741,767,8,,-0.369,-0.294,
116,House,21196,65,2,NV,200,,,"AMODEI, Mark E.",A000369,1958,,0.383,0.197,-117.84786,0.85775,768,57,,0.398,0.224,
116,House,21339,65,4,NV,100,,,"HORSFORD, Steven",H001066,1973,,-0.348,0.089,-48.34359,0.94005,782,21,,-0.394,0.331,
116,House,21938,65,3,NV,100,,,"LEE, Susie",L000590,1966,,-0.307,0.434,-46.96792,0.94207,787,18,,-0.307,0.434,
116,House,21340,4,2,NH,100,,,"KUSTER, Ann McLane",K000382,1956,,-0.255,-0.125,-27.63824,0.96505,777,7,,-0.331,0.089,
116,House,21951,4,1,NH,100,,,"PAPPAS, Chris",P000614,1980,,-0.358,0.432,-44.20895,0.94544,788,21,,-0.358,0.432,
116,House,14863,12,4,NJ,200,,,"SMITH, Christopher Henry",S000522,1953,,0.164,-0.168,-205.12681,0.76154,753,84,,0.202,-0.134,
116,House,15454,12,6,NJ,100,,,"PALLONE, Frank, Jr.",P000034,1951,,-0.404,-0.164,-16.2423,0.97962,789,6,,-0.417,-0.412,
116,House,20542,12,8,NJ,100,,,"SIRES, Albio",S001165,1951,,-0.405,0.094,-14.06807,0.98175,764,4,,-0.423,0.108,
116,House,21536,12,1,NJ,100,,,"NORCROSS, Donald",N000188,1958,,-0.426,0.325,-28.16529,0.96453,780,7,,-0.394,-0.019,
116,House,21538,12,12,NJ,100,,,"WATSON COLEMAN, Bonnie",W000822,1945,,-0.626,-0.137,-45.87488,0.94324,785,18,,-0.447,-0.165,
116,House,21723,12,5,NJ,100,,,"GOTTHEIMER, Josh S.",G000583,1975,,-0.141,0.213,-101.68004,0.87851,785,49,,-0.172,0.458,
116,House,21937,12,3,NJ,100,,,"KIM, Andy",K000394,1982,,-0.271,0.395,-51.87444,0.93637,789,17,,-0.271,0.395,
116,House,21942,12,7,NJ,100,,,"MALINOWSKI, Tomaz",M001203,1965,,-0.258,0.093,-39.19548,0.95136,786,13,,-0.258,0.093,
116,House,21964,12,11,NJ,100,,,"SHERRILL, Mikie",S001207,1972,,-0.181,0.236,-69.26321,0.91555,785,29,,-0.181,0.236,
116,House,21980,12,2,NJ,100,,,"VAN DREW, Jefferson",V000133,1953,,-0.147,0.644,-89.13305,0.85956,589,37,,-0.147,0.643,
116,House,29741,12,9,NJ,100,,,"PASCRELL, William J., Jr.",P000096,1937,,-0.367,-0.005,-23.14403,0.97084,782,6,,-0.351,-0.197,
116,House,31103,12,10,NJ,100,,,"PAYNE, Donald, Jr.",P000604,1958,,-0.516,-0.098,-27.4609,0.96288,726,8,,-0.512,-0.033,
116,House,91980,12,2,NJ,200,,,"VAN DREW, Jefferson",V000133,1953,,0.173,-0.152,-52.99902,0.74616,181,27,,0.173,-0.152,
116,House,20932,66,3,NM,100,,,"LUJÁN, Ben Ray",L000570,1972,,-0.367,0.013,-25.6358,0.96791,786,13,,-0.306,-0.242,
116,House,21928,66,1,NM,100,,,"HAALAND, Debra",H001080,1960,,-0.319,-0.245,-20.12084,0.97469,785,8,,-0.319,-0.245,
116,House,21976,66,2,NM,100,,,"TORRES SMALL, Xochitl",T000484,1984,,-0.164,0.314,-98.34887,0.88225,785,41,,-0.164,0.314,
116,House,15603,13,16,NY,100,,,"ENGEL, Eliot Lance",E000179,1947,,-0.408,-0.093,-23.49151,0.97029,779,9,,-0.45,-0.195,
116,House,15612,13,17,NY,100,,,"LOWEY, Nita M.",L000480,1937,,-0.389,-0.152,-16.78391,0.97844,770,6,,-0.392,0.056,
116,House,20519,13,26,NY,100,,,"HIGGINS, Brian",H001038,1959,,-0.347,-0.032,-18.0012,0.97719,780,7,,-0.383,-0.042,
116,House,20733,13,9,NY,100,,,"CLARKE, Yvette Diane",C001067,1964,,-0.614,-0.206,-27.61301,0.96535,783,11,,-0.53,-0.546,
116,House,20934,13,20,NY,100,,,"TONKO, Paul",T000469,1949,,-0.42,-0.265,-18.53646,0.97628,772,10,,-0.354,-0.438,
116,House,21101,13,23,NY,200,,,"REED, Thomas W. II",R000585,1971,,0.278,0.112,-154.88394,0.81736,768,66,,0.235,0.201,
116,House,21342,13,6,NY,100,,,"MENG, Grace",M001188,1975,,-0.377,-0.17,-54.35422,0.93227,775,23,,-0.282,-0.426,
116,House,21343,13,8,NY,100,,,"JEFFRIES, Hakeem",J000294,1970,,-0.488,-0.091,-16.23877,0.97929,776,5,,-0.492,-0.128,
116,House,21344,13,18,NY,100,,,"MALONEY, Sean Patrick",M001185,1966,,-0.238,0.122,-41.1444,0.94875,782,19,,-0.311,0.381,
116,House,21345,13,27,NY,200,,,"COLLINS, Chris",C001092,1950,,0.357,0.236,-61.83374,0.87498,463,22,,0.328,0.316,
116,House,21539,13,1,NY,200,,,"ZELDIN, Lee M",Z000017,1980,,0.388,-0.131,-165.57168,0.80875,780,74,,0.422,-0.16,
116,House,21540,13,4,NY,100,,,"RICE, Kathleen Maura",R000602,1965,,-0.285,0.027,-54.68869,0.93075,762,25,,-0.272,0.227,
116,House,21541,13,21,NY,200,,,"STEFANIK, Elise M",S001196,1984,,0.223,0.002,-151.31541,0.82509,787,63,,0.229,-0.021,
116,House,21542,13,24,NY,200,,,"KATKO, John",K000386,1962,,0.2,-0.004,-150.06915,0.81996,756,62,,0.189,-0.001,
116,House,21715,13,13,NY,100,,,"ESPAILLAT, Adriano J.",E000297,1954,,-0.615,-0.142,-25.94599,0.96757,787,10,,-0.46,-0.565,
116,House,21747,13,3,NY,100,,,"SUOZZI, Thomas",S001201,1962,,-0.212,0.085,-54.67653,0.93222,779,22,,-0.291,0.281,
116,House,21761,13,25,NY,100,,,"MORELLE, Joseph D.",M001206,1957,,-0.335,0.108,-24.34958,0.96867,765,6,,-0.318,0.08,
116,House,21904,13,22,NY,100,,,"BRINDISI, Anthony",B001308,1978,,-0.152,0.564,-135.42524,0.84154,785,45,,-0.152,0.564,
116,House,21916,13,19,NY,100,,,"DELGADO, Antonio",D000630,1977,,-0.214,0.195,-58.61299,0.9284,789,18,,-0.214,0.195,
116,House,21949,13,14,NY,100,,,"OCASIO-CORTEZ, Alexandria",O000172,1989,,-0.222,-0.975,-63.06889,0.92261,783,26,,-0.222,-0.975,
116,House,21958,13,11,NY,100,,,"ROSE, Max",R000613,1986,,-0.174,0.263,-113.65625,0.86441,780,43,,-0.174,0.263,
116,House,21990,13,27,NY,200,,,"JACOBS, Chris",J000020,1966,,0.331,-0.114,-10.74972,0.85177,67,7,,0.331,-0.131,
116,House,29134,13,15,NY,100,,,"SERRANO, José E.",S000248,1943,,-0.491,-0.377,-11.46071,0.98367,696,4,,-0.434,-0.299,
116,House,29375,13,2,NY,200,,,"KING, Peter T.",K000210,1944,,0.259,-0.031,-153.80622,0.82124,781,56,,0.253,0.003,
116,House,29377,13,10,NY,100,,,"NADLER, Jerrold Lewis",N000002,1947,,-0.509,-0.507,-16.31491,0.97895,767,6,,-0.53,-0.384,
116,House,29378,13,7,NY,100,,,"VELÁZQUEZ, Nydia M.",V000081,1953,,-0.547,-0.339,-13.06258,0.98326,774,4,,-0.458,-0.596,
116,House,29379,13,12,NY,100,,,"MALONEY, Carolyn Bosher",M000087,1946,,-0.387,-0.28,-18.1297,0.9772,786,7,,-0.402,-0.425,
116,House,29776,13,5,NY,100,,,"MEEKS, Gregory W.",M001137,1953,,-0.413,-0.075,-18.1451,0.97607,749,7,,-0.532,0.063,
116,House,15438,47,4,NC,100,,,"PRICE, David Eugene",P000523,1940,,-0.343,-0.03,-16.43996,0.97928,785,6,,-0.378,-0.129,
116,House,20340,47,1,NC,100,,,"BUTTERFIELD, George Kenneth, Jr. (G.K.)",B001251,1947,,-0.404,0.182,-21.28121,0.97309,780,8,,-0.422,0.097,
116,House,20521,47,5,NC,200,,,"FOXX, Virginia Ann",F000450,1943,,0.63,0.129,-131.53976,0.84463,779,56,,0.562,0.041,
116,House,20522,47,10,NC,200,,,"McHENRY, Patrick T.",M001156,1975,,0.552,0.079,-154.43568,0.81141,739,60,,0.418,0.069,
116,House,21346,47,8,NC,200,,,"HUDSON, Richard",H001067,1971,,0.58,0.101,-132.72486,0.83271,725,57,,0.478,0.124,
116,House,21348,47,11,NC,200,,,"MEADOWS, Mark",M001187,1959,,0.605,-0.201,-132.76565,0.81396,645,60,,0.587,-0.209,
116,House,21349,47,2,NC,200,,,"HOLDING, George E.B.",H001065,1968,,0.606,0.154,-79.77573,0.89141,694,32,,0.537,0.255,
116,House,21543,47,6,NC,200,,,"WALKER, Bradley Mark",W000819,1969,,0.64,0.017,-80.28695,0.89031,691,33,,0.67,0.141,
116,House,21544,47,7,NC,200,,,"ROUZER, David",R000603,1972,,0.574,0.151,-107.73969,0.87083,779,45,,0.548,0.116,
116,House,21545,47,12,NC,100,,,"ADAMS, Alma",A000370,1946,,-0.466,0.015,-14.83709,0.98079,765,5,,-0.429,-0.068,
116,House,21708,47,13,NC,200,,,"BUDD, Theodore Paul",B001305,1971,,0.667,-0.109,-109.29364,0.8691,779,45,,0.658,-0.104,
116,House,21986,47,9,NC,200,,,"BISHOP, Dan",B001311,1964,,0.86,0.152,-20.48858,0.93356,298,11,,0.869,0.159,
116,House,21987,47,3,NC,200,,,"MURPHY, Gregory Francis",M001210,1963,,0.582,0.019,-41.54107,0.87344,307,18,,0.583,0.018,
116,House,29546,47,3,NC,200,,,"JONES, Walter Beaman, Jr.",J000255,1943,,0.244,-0.362,,,,,,,,
116,House,21901,36,1,ND,200,,,"ARMSTRONG, Kelly",A000377,1976,,0.462,0.049,-127.74061,0.84585,763,59,,0.462,0.048,
116,House,15029,24,9,OH,100,,,"KAPTUR, Marcia Carolyn (Marcy)",K000009,1946,,-0.35,0.109,-24.3139,0.96884,768,7,,-0.434,0.277,
116,House,20342,24,10,OH,200,,,"TURNER, Michael R.",T000463,1960,,0.271,0.208,-104.70834,0.87393,777,31,,0.304,0.265,
116,House,20343,24,13,OH,100,,,"RYAN, Timothy J.",R000577,1973,,-0.403,0.213,-19.61461,0.96963,636,9,,-0.361,0.029,
116,House,20738,24,4,OH,200,,,"JORDAN, Jim",J000289,1964,,0.718,-0.219,-91.90212,0.88818,775,38,,0.766,-0.184,
116,House,20755,24,5,OH,200,,,"LATTA, Robert E.",L000566,1956,,0.518,0.261,-61.69508,0.92469,788,16,,0.509,0.325,
116,House,20941,24,11,OH,100,,,"FUDGE, Marcia L.",F000455,1952,,-0.582,0.14,-39.86902,0.94656,726,14,,-0.556,0.308,
116,House,21162,24,6,OH,200,,,"JOHNSON, Bill",J000292,1954,,0.431,0.284,-72.03688,0.91124,775,32,,0.43,0.412,
116,House,21163,24,15,OH,200,,,"STIVERS, Steve",S001187,1965,,0.299,0.272,-121.86754,0.84854,742,52,,0.297,0.278,
116,House,21165,24,7,OH,200,,,"GIBBS, Bob",G000563,1954,,0.472,0.322,-87.19551,0.89201,763,32,,0.501,0.514,
116,House,21351,24,2,OH,200,,,"WENSTRUP, Brad",W000815,1958,,0.551,0.19,-89.45666,0.88978,766,32,,0.509,0.258,
116,House,21352,24,3,OH,100,,,"BEATTY, Joyce",B001281,1950,,-0.43,0.06,-15.58757,0.97954,754,4,,-0.475,-0.103,
116,House,21353,24,14,OH,200,,,"JOYCE, David",J000295,1957,,0.265,0.268,-106.2413,0.8719,775,38,,0.288,0.24,
116,House,21564,24,8,OH,200,,,"DAVIDSON, Warren",D000626,1970,,0.704,-0.362,-169.47162,0.80404,777,83,,0.674,-0.422,
116,House,21759,24,12,OH,200,,,"BALDERSON, Troy",B001306,1962,,0.418,0.476,-77.88634,0.90589,788,33,,0.419,0.474,
116,House,21924,24,16,OH,200,,,"GONZALEZ, Anthony",G000588,1984,,0.289,0.241,-107.49139,0.87142,781,41,,0.289,0.241,
116,House,29550,24,1,OH,200,,,"CHABOT, Steve",C000266,1953,,0.572,-0.208,-106.58647,0.87364,789,39,,0.5,0.217,
116,House,20344,53,4,OK,200,,,"COLE, Tom",C001053,1949,,0.331,0.361,-117.312,0.86152,787,44,,0.302,0.405,
116,House,21355,53,2,OK,200,,,"MULLIN, Markwayne",M001190,1977,,0.514,0.363,-98.75956,0.86004,655,41,,0.54,0.163,
116,House,21760,53,1,OK,200,,,"HERN, Kevin",H001082,1961,,0.681,0.045,-90.9821,0.89017,782,37,,0.692,0.05,
116,House,21933,53,5,OK,100,,,"HORN, Kendra",H001083,1976,,-0.167,0.515,-118.38115,0.86035,787,50,,-0.167,0.515,
116,House,29393,53,3,OK,200,,,"LUCAS, Frank D.",L000491,1960,,0.362,0.417,-62.19129,0.91981,744,23,,0.338,0.615,
116,House,15410,72,4,OR,100,,,"DeFAZIO, Peter Anthony",D000191,1947,,-0.428,0.005,-58.51979,0.9257,758,18,,-0.307,-0.355,
116,House,20944,72,5,OR,100,,,"SCHRADER, Kurt",S001180,1951,,-0.188,0.06,-114.78469,0.86167,771,51,,-0.137,0.088,
116,House,21198,72,1,OR,100,,,"BONAMICI, Suzanne",B001278,1954,,-0.394,-0.397,-14.84516,0.98134,788,4,,-0.475,-0.345,
116,House,29588,72,3,OR,100,,,"BLUMENAUER, Earl",B000574,1948,,-0.427,-0.669,-24.15354,0.96943,778,9,,-0.463,-0.801,
116,House,29932,72,2,OR,200,,,"WALDEN, Greg",W000791,1957,,0.333,-0.013,-127.04841,0.84951,779,52,,0.277,0.2,
116,House,20946,14,15,PA,200,,,"THOMPSON, Glenn",T000467,1959,,0.312,0.39,-87.94444,0.8918,768,25,,0.33,0.403,
116,House,21167,14,16,PA,200,,,"KELLY, Mike",K000376,1948,,0.351,0.44,-135.15643,0.83766,763,62,,0.456,0.143,
116,House,21170,14,12,PA,200,,,"MARINO, Thomas A.",M001179,1952,,0.352,0.477,-0.28897,0.98751,23,0,,0,0,
116,House,21356,14,10,PA,200,,,"PERRY, Scott",P000605,1962,,0.624,-0.343,-143.90386,0.82954,770,75,,0.577,-0.291,
116,House,21358,14,8,PA,100,,,"CARTWRIGHT, Matt",C001090,1961,,-0.366,-0.044,-25.49888,0.96701,760,6,,-0.303,-0.028,
116,House,21548,14,2,PA,100,,,"BOYLE, Brendan Francis",B001296,1977,,-0.397,0.132,-31.35102,0.96065,781,13,,-0.386,-0.172,
116,House,21566,14,3,PA,100,,,"EVANS, Dwight",E000296,1954,,-0.457,-0.08,-12.26631,0.98428,774,2,,-0.504,-0.083,
116,House,21718,14,1,PA,200,,,"FITZPATRICK, Brian K.",F000466,1973,,0.171,-0.178,-174.70794,0.79933,780,75,,0.147,-0.13,
116,House,21745,14,11,PA,200,,,"SMUCKER, Lloyd K.",S001199,1964,,0.426,0.267,-71.95477,0.90746,741,31,,0.445,0.214,
116,House,21756,14,17,PA,100,,,"LAMB, Conor",L000588,1984,,-0.123,0.19,-114.22744,0.86442,784,59,,-0.147,0.313,
116,House,21762,14,5,PA,100,,,"SCANLON, Mary Gay",S001205,1959,,-0.487,0.037,-14.96077,0.98115,786,5,,-0.537,0.121,
116,House,21763,14,7,PA,100,,,"WILD, Susan",W000826,1957,,-0.381,0.665,-66.25013,0.91887,783,27,,-0.365,0.64,
116,House,21915,14,4,PA,100,,,"DEAN, Madeleine",D000631,1959,,-0.517,0.072,-12.50053,0.98422,786,5,,-0.517,0.072,
116,House,21934,14,6,PA,100,,,"HOULAHAN, Christina",H001085,1967,,-0.311,0.547,-43.69764,0.94599,787,14,,-0.311,0.547,
116,House,21936,14,13,PA,200,,,"JOYCE, John",J000302,1957,,0.538,0.16,-74.55868,0.90501,747,30,,0.538,0.159,
116,House,21945,14,9,PA,200,,,"MEUSER, Dan",M001204,1964,,0.563,0.369,-90.58403,0.8868,754,39,,0.563,0.368,
116,House,21956,14,14,PA,200,,,"RESCHENTHALER, Guy",R000610,1983,,0.357,0.444,-87.04721,0.89165,759,31,,0.357,0.444,
116,House,21985,14,12,PA,200,,,"KELLER, Fred",K000395,1965,,0.491,0.174,-65.2438,0.8943,584,26,,0.491,0.173,
116,House,29561,14,18,PA,100,,,"DOYLE, Michael F.",D000482,1953,,-0.33,0.112,-34.6468,0.95544,760,13,,-0.451,-0.357,
116,House,20136,5,2,RI,100,,,"LANGEVIN, James",L000559,1964,,-0.375,0.11,-33.31451,0.95845,785,8,,-0.29,0.011,
116,House,21172,5,1,RI,100,,,"CICILLINE, David N.",C001084,1961,,-0.391,-0.28,-22.92952,0.9711,782,8,,-0.426,-0.148,
116,House,20138,48,2,SC,200,,,"WILSON, Addison Graves (Joe)",W000795,1947,,0.538,0.107,-111.6814,0.86317,759,51,,0.493,0.124,
116,House,21174,48,3,SC,200,,,"DUNCAN, Jeff",D000615,1966,,0.731,-0.184,-105.49053,0.87274,775,38,,0.712,-0.119,
116,House,21359,48,7,SC,200,,,"RICE, Tom",R000597,1957,,0.602,-0.28,-157.14164,0.8154,770,79,,0.631,-0.323,
116,House,21753,48,5,SC,200,,,"NORMAN, Ralph",N000190,1953,,0.789,-0.202,-85.38196,0.89426,764,42,,0.819,-0.175,
116,House,21913,48,1,SC,100,,,"CUNNINGHAM, Joe",C001122,1982,,-0.13,0.489,-140.66881,0.8346,778,53,,-0.13,0.489,
116,House,21974,48,4,SC,200,,,"TIMMONS, William",T000480,1984,,0.594,0.183,-78.37034,0.88946,669,31,,0.594,0.182,
116,House,39301,48,6,SC,100,,,"CLYBURN, James Enos",C000537,1940,,-0.464,0.255,-26.34817,0.96347,708,9,,-0.385,0.078,
116,House,21935,37,1,SD,200,,,"JOHNSON, Dustin",J000301,1976,,0.477,0.084,-104.76027,0.87551,788,36,,0.477,0.083,
116,House,15019,54,5,TN,100,,,"COOPER, James Hayes Shofner",C000754,1954,,-0.163,-0.032,-91.21872,0.88923,777,23,,-0.262,0.246,
116,House,20748,54,9,TN,100,,,"COHEN, Stephen",C001068,1949,,-0.4,-0.353,-25.71412,0.96728,773,10,,-0.403,-0.271,
116,House,20947,54,1,TN,200,,,"ROE, David P. (Phil)",R000582,1945,,0.486,0.022,-90.18898,0.88906,767,37,,0.459,0.127,
116,House,21178,54,3,TN,200,,,"FLEISCHMANN, Chuck",F000459,1962,,0.455,0.308,-93.87477,0.88783,789,44,,0.409,0.405,
116,House,21179,54,4,TN,200,,,"DESJARLAIS, Scott",D000616,1964,,0.581,-0.082,-93.59505,0.88341,755,40,,0.553,0.063,
116,House,21731,54,8,TN,200,,,"KUSTOFF, David",K000392,1966,,0.529,0.287,-67.16953,0.91626,768,25,,0.514,0.605,
116,House,21905,54,2,TN,200,,,"BURCHETT, Timothy",B001309,1964,,0.678,-0.297,-138.24405,0.83701,777,56,,0.678,-0.297,
116,House,21926,54,7,TN,200,,,"GREEN, Mark",G000590,1964,,0.698,0.041,-80.03153,0.89078,692,36,,0.699,0.04,
116,House,21959,54,6,TN,200,,,"ROSE, John",R000612,1965,,0.67,0.078,-106.5839,0.8701,766,47,,0.671,0.077,
116,House,20355,49,26,TX,200,,,"BURGESS, Michael C.",B001248,1950,,0.576,-0.212,-144.95727,0.8286,771,71,,0.616,-0.126,
116,House,20356,49,31,TX,200,,,"CARTER, John R.",C001051,1941,,0.471,0.605,-134.56496,0.83081,726,59,,0.514,0.647,
116,House,20527,49,1,TX,200,,,"GOHMERT, Louie",G000552,1953,,0.625,-0.334,-139.72814,0.82226,714,67,,0.707,-0.433,
116,House,20529,49,9,TX,100,,,"GREEN, Al",G000553,1947,,-0.438,0.31,-30.38416,0.96203,785,16,,-0.419,-0.062,
116,House,20530,49,10,TX,200,,,"McCAUL, Michael T.",M001157,1962,,0.433,0.087,-148.09726,0.82767,783,59,,0.329,0.258,
116,House,20531,49,11,TX,200,,,"CONAWAY, K. Michael",C001062,1948,,0.591,0.372,-76.36455,0.90696,782,33,,0.604,0.592,
116,House,20532,49,24,TX,200,,,"MARCHANT, Kenny",M001158,1951,,0.6,0.153,-117.59193,0.83192,639,45,,0.593,0.021,
116,House,20533,49,28,TX,100,,,"CUELLAR, Henry",C001063,1955,,-0.228,0.62,-136.01207,0.8411,786,65,,-0.358,0.892,
116,House,20948,49,22,TX,200,,,"OLSON, Pete",O000168,1962,,0.549,0.309,-90.2168,0.88751,756,37,,0.59,0.316,
116,House,21182,49,17,TX,200,,,"FLORES, Bill",F000461,1954,,0.574,0.286,-104.72871,0.87206,765,38,,0.519,0.183,
116,House,21360,49,14,TX,200,,,"WEBER, Randy",W000814,1953,,0.71,0.037,-101.30534,0.87334,748,43,,0.727,-0.01,
116,House,21362,49,20,TX,100,,,"CASTRO, Joaquin",C001091,1974,,-0.399,-0.02,-32.3514,0.95833,760,13,,-0.611,-0.163,
116,House,21364,49,25,TX,200,,,"WILLIAMS, Roger",W000816,1949,,0.587,0.102,-102.83742,0.87483,769,43,,0.566,0.083,
116,House,21365,49,33,TX,100,,,"VEASEY, Marc",V000131,1971,,-0.403,0.285,-31.38627,0.96061,781,10,,-0.338,0.085,
116,House,21366,49,34,TX,100,,,"VELA, Filemon",V000132,1963,,-0.313,0.413,-88.95619,0.89261,783,35,,-0.426,0.458,
116,House,21549,49,4,TX,200,,,"RATCLIFFE, John",R000601,1965,,0.693,0.113,-74.52081,0.88536,612,34,,0.654,0.116,
116,House,21550,49,23,TX,200,,,"HURD, William Ballard",H001073,1977,,0.287,0.227,-172.41117,0.80054,775,76,,0.217,0.284,
116,House,21551,49,36,TX,200,,,"BABIN, Brian",B001291,1948,,0.701,0.122,-107.30023,0.86686,751,48,,0.705,0.092,
116,House,21700,49,19,TX,200,,,"ARRINGTON, Jodey Cook",A000375,1972,,0.63,-0.036,-122.06711,0.85357,771,64,,0.652,-0.094,
116,House,21722,49,15,TX,100,,,"GONZALEZ, Vicente Jr.",G000581,1967,,-0.38,0.659,-78.3699,0.90103,752,35,,-0.529,0.849,
116,House,21758,49,27,TX,200,,,"CLOUD, Michael",C001115,1975,,0.651,-0.241,-139.36503,0.83638,780,58,,0.652,-0.263,
116,House,21900,49,32,TX,100,,,"ALLRED, Colin",A000376,1983,,-0.45,0.616,-39.84045,0.94964,771,17,,-0.45,0.616,
116,House,21911,49,2,TX,200,,,"CRENSHAW, Daniel",C001120,1984,,0.397,0.358,-84.64401,0.89679,777,35,,0.397,0.357,
116,House,21917,49,16,TX,100,,,"ESCOBAR, Veronica",E000299,1969,,-0.381,-0.231,-22.09049,0.97208,780,9,,-0.381,-0.231,
116,House,21919,49,7,TX,100,,,"FLETCHER, Elizabeth",F000468,1975,,-0.446,0.843,-71.74236,0.91277,786,34,,-0.446,0.843,
116,House,21922,49,29,TX,100,,,"GARCIA, Sylvia",G000587,1950,,-0.734,0.558,-46.1981,0.94313,789,14,,-0.734,0.558,
116,House,21925,49,5,TX,200,,,"GOODEN, Lance",G000589,1982,,0.729,0.059,-81.55951,0.89974,772,30,,0.729,0.058,
116,House,21961,49,21,TX,200,,,"ROY, Charles",R000614,1972,,0.8,-0.6,-135.30372,0.83904,771,53,,0.919,-0.395,
116,House,21973,49,3,TX,200,,,"TAYLOR, Nicholas",T000479,1972,,0.55,-0.104,-134.57885,0.84245,785,64,,0.551,-0.105,
116,House,21984,49,6,TX,200,,,"WRIGHT, Ron",W000827,1953,,0.709,-0.095,-67.0956,0.89632,613,24,,0.709,-0.095,
116,House,29571,49,35,TX,100,,,"DOGGETT, Lloyd Alton, II",D000399,1946,,-0.402,-0.314,-38.74431,0.95043,762,12,,-0.393,-0.469,
116,House,29572,49,13,TX,200,,,"THORNBERRY, William McClellan (Mac)",T000238,1958,,0.525,0.311,-105.7652,0.87024,761,48,,0.503,0.304,
116,House,29573,49,18,TX,100,,,"JACKSON LEE, Sheila",J000032,1950,,-0.46,0.128,-21.3292,0.97285,775,10,,-0.561,-0.072,
116,House,29760,49,8,TX,200,,,"BRADY, Kevin Patrick",B000755,1955,,0.524,0.218,-110.20384,0.86284,747,49,,0.581,0.263,
116,House,29762,49,12,TX,200,,,"GRANGER, Kay",G000377,1943,,0.397,0.242,-104.73438,0.86213,706,47,,0.43,0.391,
116,House,39305,49,30,TX,100,,,"JOHNSON, Eddie Bernice",J000126,1935,,-0.485,0.203,-22.25108,0.97148,769,9,,-0.404,0.005,
116,House,20357,67,1,UT,200,,,"BISHOP, Robert (Rob)",B001250,1951,,0.536,0.104,-137.61796,0.83092,743,63,,0.571,0.031,
116,House,21367,67,2,UT,200,,,"STEWART, Chris",S001192,1960,,0.527,0.159,-85.34866,0.89559,774,38,,0.533,0.301,
116,House,21755,67,3,UT,200,,,"CURTIS, John R.",C001114,1960,,0.542,0.04,-92.33771,0.88103,729,40,,0.539,0.069,
116,House,21943,67,4,UT,100,,,"McADAMS, Ben",M001209,1974,,-0.066,0.288,-219.73086,0.75639,787,85,,-0.066,0.288,
116,House,20750,6,1,VT,100,,,"WELCH, Peter",W000800,1947,,-0.409,-0.351,-19.5608,0.97475,765,8,,-0.516,-0.318,
116,House,20756,40,1,VA,200,,,"WITTMAN, Robert J.",W000804,1959,,0.445,-0.019,-128.60511,0.84871,784,56,,0.526,0.142,
116,House,20952,40,11,VA,100,,,"CONNOLLY, Gerald E. (Gerry)",C001078,1950,,-0.306,-0.014,-51.1818,0.93672,783,25,,-0.242,-0.088,
116,House,21191,40,9,VA,200,,,"GRIFFITH, H. Morgan",G000568,1958,,0.552,-0.438,-169.13909,0.8,758,71,,0.569,-0.365,
116,House,21554,40,8,VA,100,,,"BEYER, Donald Sternoff Jr.",B001292,1950,,-0.385,-0.041,-18.46486,0.97634,771,7,,-0.34,-0.219,
116,House,21736,40,4,VA,100,,,"MCEACHIN, Aston Donald",M001200,1961,,-0.375,-0.084,-38.76202,0.94254,655,16,,-0.299,-0.042,
116,House,21908,40,6,VA,200,,,"CLINE, Benjamin",C001118,1972,,0.711,-0.203,-113.93275,0.86554,789,49,,0.712,-0.204,
116,House,21941,40,2,VA,100,,,"LURIA, Elaine",L000591,1975,,-0.175,0.376,-109.0393,0.86954,780,53,,-0.175,0.376,
116,House,21957,40,5,VA,200,,,"RIGGLEMAN, Denver",R000611,1970,,0.485,-0.039,-114.43102,0.85832,749,39,,0.486,-0.04,
116,House,21966,40,7,VA,100,,,"SPANBERGER, Abigail",S001209,1979,,-0.163,0.425,-105.59527,0.87444,787,38,,-0.163,0.425,
116,House,21983,40,10,VA,100,,,"WEXTON, Jennifer",W000825,1968,,-0.414,0.494,-28.49747,0.96444,787,16,,-0.414,0.494,
116,House,39307,40,3,VA,100,,,"SCOTT, Robert C.",S000185,1947,,-0.45,0.015,-38.52886,0.95228,788,14,,-0.38,0.122,
116,House,20145,73,2,WA,100,,,"LARSEN, Richard Ray (Rick)",L000560,1965,,-0.364,0.19,-39.065,0.95139,784,10,,-0.374,0.118,
116,House,20535,73,5,WA,200,,,"McMORRIS RODGERS, Cathy",M001159,1969,,0.426,0.113,-119.65561,0.85538,766,52,,0.413,-0.038,
116,House,21187,73,3,WA,200,,,"HERRERA BEUTLER, Jaime",H001056,1978,,0.357,-0.192,-130.26687,0.80995,618,65,,0.284,-0.069,
116,House,21368,73,6,WA,100,,,"KILMER, Derek",K000381,1974,,-0.31,-0.011,-31.46229,0.96081,787,16,,-0.416,0.371,
116,House,21369,73,10,WA,100,,,"HECK, Denny",H001064,1952,,-0.312,-0.129,-18.93877,0.97589,776,6,,-0.311,-0.206,
116,House,21556,73,4,WA,200,,,"NEWHOUSE, Daniel Milton",N000189,1955,,0.349,0.233,-99.14943,0.87962,773,43,,0.329,0.281,
116,House,21726,73,7,WA,100,,,"JAYAPAL, Pramila",J000298,1965,,-0.697,-0.268,-37.3262,0.95339,782,12,,-0.495,-0.786,
116,House,21962,73,8,WA,100,,,"SCHRIER, Kim",S001216,1968,,-0.347,0.446,-37.10494,0.95395,787,18,,-0.347,0.446,
116,House,29768,73,9,WA,100,,,"SMITH, Adam",S000510,1965,,-0.284,-0.161,-17.69494,0.9774,774,8,,-0.355,-0.234,
116,House,31101,73,1,WA,100,,,"DelBENE, Suzan K.",D000617,1962,,-0.281,-0.229,-19.08362,0.97601,786,2,,-0.35,-0.192,
116,House,21188,56,1,WV,200,,,"McKINLEY, David",M001180,1947,,0.301,0.191,-130.10559,0.84798,789,53,,0.32,0.355,
116,House,21557,56,2,WV,200,,,"MOONEY, Alex X.",M001195,1971,,0.579,-0.286,-158.87638,0.81678,785,69,,0.577,-0.266,
116,House,21946,56,3,WV,200,,,"MILLER, Carol",M001205,1950,,0.468,0.326,-78.70516,0.90379,778,30,,0.468,0.325,
116,House,14657,25,5,WI,200,,,"SENSENBRENNER, Frank James, Jr.",S000244,1943,,0.638,-0.58,-162.18527,0.78585,673,82,,0.572,-0.268,
116,House,20537,25,4,WI,100,,,"MOORE, Gwendolynne S. (Gwen)",M001160,1951,,-0.528,-0.249,-29.70912,0.96249,777,13,,-0.42,-0.404,
116,House,21189,25,7,WI,200,,,"DUFFY, Sean",D000614,1971,,0.511,-0.109,-100.93909,0.79459,439,46,,0.515,0.012,
116,House,21370,25,2,WI,100,,,"POCAN, Mark",P000607,1964,,-0.541,-0.539,-29.39083,0.96283,776,9,,-0.462,-0.858,
116,House,21559,25,6,WI,200,,,"GROTHMAN, Glenn",G000576,1955,,0.614,-0.286,-150.64573,0.82083,763,71,,0.615,-0.325,
116,House,21720,25,8,WI,200,,,"GALLAGHER, Michael",G000579,1984,,0.44,-0.044,-151.25862,0.81888,757,65,,0.397,-0.033,
116,House,21970,25,1,WI,200,,,"STEIL, Bryan",S001213,1981,,0.419,-0.051,-127.26204,0.84928,779,56,,0.419,-0.052,
116,House,21989,25,7,WI,200,,,"TIFFANY, Thomas P.",T000165,1957,,0.642,-0.177,-9.74456,0.89845,91,4,,0.619,-0.16,
116,House,29769,25,3,WI,100,,,"KIND, Ron",K000188,1963,,-0.262,-0.08,-67.0598,0.91565,761,25,,-0.259,0.172,
116,House,21710,68,1,WY,200,,,"CHENEY, Liz",C001109,1966,,0.517,0.456,-113.23972,0.86123,758,52,,0.517,0.465,
116,Senate,41705,41,0,AL,100,,,"JONES, Gordon Douglas (Doug)",J000300,1954,,-0.085,0.198,-66.00053,0.88882,560,26,,-0.074,0.255,
116,Senate,94659,41,0,AL,200,,,"SHELBY, Richard C.",S000320,1934,,0.429,0.519,-42.9239,0.9277,572,22,,0.438,0.212,
116,Senate,40300,81,0,AK,200,,,"MURKOWSKI, Lisa",M001153,1957,,0.211,-0.29,-42.86976,0.92313,536,10,,0.291,-0.442,
116,Senate,41500,81,0,AK,200,,,"SULLIVAN, Daniel Scott",S001198,1964,,0.485,0.038,-52.54477,0.91074,562,23,,0.514,-0.023,
116,Senate,21300,61,0,AZ,100,,,"SINEMA, Kyrsten",S001191,1976,,-0.102,0.06,-71.14645,0.8772,543,18,,-0.068,0.192,
116,Senate,21501,61,0,AZ,200,,,"McSALLY, Martha",M001197,1966,,0.344,0.028,-35.44682,0.9395,568,13,,0.338,0.24,
116,Senate,20101,42,0,AR,200,,,"BOOZMAN, John",B001236,1950,,0.4,0.246,-26.55053,0.95503,577,10,,0.348,0.253,
116,Senate,21301,42,0,AR,200,,,"COTTON, Tom",C001095,1977,,0.571,0.086,-58.26177,0.90332,573,25,,0.441,0.042,
116,Senate,41701,71,0,CA,100,,,"HARRIS, Kamala Devi",H001075,1964,,-0.709,-0.13,-26.95593,0.91434,301,11,,-0.725,-0.236,
116,Senate,49300,71,0,CA,100,,,"FEINSTEIN, Dianne",F000062,1933,,-0.267,-0.185,-70.49673,0.88499,577,21,,-0.26,-0.062,
116,Senate,21112,62,0,CO,200,,,"GARDNER, Cory",G000562,1974,,0.444,-0.029,-48.20446,0.9185,567,21,,0.353,0.009,
116,Senate,40910,62,0,CO,100,,,"BENNET, Michael F.",B001267,1964,,-0.224,-0.175,-100.63367,0.80427,462,46,,-0.294,-0.135,
116,Senate,20707,1,0,CT,100,,,"MURPHY, Christopher",M001169,1973,,-0.271,-0.197,-145.03485,0.77638,573,64,,-0.156,-0.347,
116,Senate,41101,1,0,CT,100,,,"BLUMENTHAL, Richard",B001277,1946,,-0.434,-0.163,-99.69191,0.84057,574,43,,-0.446,-0.183,
116,Senate,15015,11,0,DE,100,,,"CARPER, Thomas Richard",C000174,1947,,-0.175,-0.223,-94.8012,0.84776,574,26,,-0.187,-0.238,
116,Senate,40916,11,0,DE,100,,,"COONS, Christopher A.",C001088,1963,,-0.227,-0.217,-66.81467,0.88658,555,24,,-0.201,-0.251,
116,Senate,41102,43,0,FL,200,,,"RUBIO, Marco",R000595,1971,,0.568,-0.271,-46.40684,0.91951,553,18,,0.521,-0.12,
116,Senate,41903,43,0,FL,200,,,"SCOTT, Richard Lynn (Rick)",S001217,1952,,0.54,0.076,-48.83345,0.91678,562,23,,0.54,0.074,
116,Senate,29909,44,0,GA,200,,,"ISAKSON, Johnny",I000055,1944,,0.402,-0.011,-10.54373,0.96184,271,2,,0.336,0.153,
116,Senate,41501,44,0,GA,200,,,"PERDUE, David Alfred, Jr.",P000612,1949,,0.562,-0.078,-37.95118,0.93152,535,20,,0.475,0.147,
116,Senate,41904,44,0,GA,200,,,"LOEFFLER, Kelly",L000594,1970,,0.559,-0.209,-18.15767,0.90747,187,7,,0.558,-0.219,
116,Senate,20713,82,0,HI,100,,,"HIRONO, Mazie",H001042,1947,,-0.512,-0.084,-85.16967,0.85891,560,43,,-0.578,0.002,
116,Senate,41112,82,0,HI,100,,,"SCHATZ, Brian Emanuel",S001194,1972,,-0.448,-0.106,-92.16706,0.84724,556,40,,-0.476,-0.094,
116,Senate,29345,63,0,ID,200,,,"CRAPO, Michael Dean",C000880,1951,,0.511,0.294,-32.55873,0.94476,573,17,,0.491,0.663,
116,Senate,40902,63,0,ID,200,,,"RISCH, James",R000584,1943,,0.628,0.565,-26.58487,0.95435,569,15,,0.576,0.631,
116,Senate,15021,21,0,IL,100,,,"DURBIN, Richard Joseph",D000563,1944,,-0.348,-0.307,-131.15187,0.79382,568,70,,-0.282,-0.113,
116,Senate,21325,21,0,IL,100,,,"DUCKWORTH, Tammy",D000622,1968,,-0.332,0.11,-83.50786,0.86031,555,34,,-0.363,0.217,
116,Senate,21133,22,0,IN,200,,,"YOUNG, Todd",Y000064,1972,,0.474,-0.028,-70.28867,0.88379,569,33,,0.464,-0.356,
116,Senate,41900,22,0,IN,200,,,"BRAUN, Michael",B001310,1954,,0.8,0.6,-51.52154,0.91415,574,24,,0.817,0.36,
116,Senate,14226,31,0,IA,200,,,"GRASSLEY, Charles Ernest",G000386,1933,,0.346,-0.065,-61.9917,0.89813,577,22,,0.495,0.008,
116,Senate,41502,31,0,IA,200,,,"ERNST, Joni",E000295,1970,,0.528,-0.053,-56.63583,0.90557,571,20,,0.549,-0.129,
116,Senate,14852,32,0,KS,200,,,"ROBERTS, Charles Patrick (Pat)",R000307,1936,,0.413,-0.09,-22.7858,0.9592,547,2,,0.332,0.21,
116,Senate,29722,32,0,KS,200,,,"MORAN, Jerry",M000934,1954,,0.415,0.206,-84.50268,0.84894,516,34,,0.457,-0.308,
116,Senate,14921,51,0,KY,200,,,"McCONNELL, Addison Mitchell (Mitch)",M000355,1942,,0.402,0.003,-52.01191,0.9138,577,13,,0.315,0.141,
116,Senate,41104,51,0,KY,200,,,"PAUL, Rand",P000603,1963,,0.878,-0.479,-153.33592,0.75081,535,80,,0.879,-0.478,
116,Senate,20919,45,0,LA,200,,,"CASSIDY, Bill",C001075,1957,,0.456,-0.098,-48.90395,0.91311,538,25,,0.508,-0.079,
116,Senate,41703,45,0,LA,200,,,"KENNEDY, John Neely",K000393,1951,,0.589,0.25,-65.36634,0.89057,564,26,,0.668,0.01,
116,Senate,41300,2,0,ME,328,,,"KING, Angus Stanley, Jr.",K000383,1944,,-0.155,-0.21,-62.01392,0.8981,577,21,,-0.165,-0.158,
116,Senate,49703,2,0,ME,200,,,"COLLINS, Susan Margaret",C001035,1952,,0.113,-0.538,-51.68662,0.91432,577,15,,0.133,-0.398,
116,Senate,15408,52,0,MD,100,,,"CARDIN, Benjamin Louis",C000141,1943,,-0.32,-0.22,-93.04488,0.8489,568,34,,-0.281,-0.074,
116,Senate,20330,52,0,MD,100,,,"VAN HOLLEN, Christopher",V000128,1959,,-0.391,-0.205,-98.04084,0.84349,576,38,,-0.378,-0.322,
116,Senate,14435,3,0,MA,100,,,"MARKEY, Edward John",M000133,1946,,-0.512,-0.453,-63.01846,0.8829,506,19,,-0.618,-0.746,
116,Senate,41301,3,0,MA,100,,,"WARREN, Elizabeth",W000817,1949,,-0.77,-0.286,-13.01504,0.96121,329,4,,-0.796,-0.377,
116,Senate,20923,23,0,MI,100,,,"PETERS, Gary C.",P000595,1958,,-0.245,-0.187,-96.57335,0.84564,576,43,,-0.301,-0.003,
116,Senate,29732,23,0,MI,100,,,"STABENOW, Deborah Ann",S000770,1950,,-0.342,-0.014,-111.57157,0.81639,550,59,,-0.394,-0.111,
116,Senate,40700,33,0,MN,100,,,"KLOBUCHAR, Amy",K000367,1960,,-0.281,-0.384,-131.51561,0.71681,395,69,,-0.473,-0.41,
116,Senate,41706,33,0,MN,100,,,"SMITH, Tina",S001203,1958,,-0.393,-0.06,-79.19918,0.87049,571,37,,-0.411,-0.031,
116,Senate,29534,46,0,MS,200,,,"WICKER, Roger F.",W000437,1951,,0.376,0.349,-27.53732,0.95332,576,8,,0.359,0.199,
116,Senate,41707,46,0,MS,200,,,"HYDE-SMITH, Cindy",H001079,1959,,0.37,0.342,-19.57848,0.96594,565,6,,0.357,0.393,
116,Senate,29735,34,0,MO,200,,,"BLUNT, Roy",B000575,1950,,0.426,0.276,-32.04437,0.94533,570,12,,0.337,0.153,
116,Senate,41901,34,0,MO,200,,,"HAWLEY, Joshua David",H001089,1979,,0.591,-0.258,-56.27675,0.90692,576,23,,0.591,-0.261,
116,Senate,21338,64,0,MT,200,,,"DAINES, Steve",D000618,1962,,0.552,-0.127,-61.99763,0.8966,568,35,,0.585,-0.236,
116,Senate,40702,64,0,MT,100,,,"TESTER, Jon",T000464,1956,,-0.217,0.138,-74.15049,0.87577,559,28,,-0.243,0.121,
116,Senate,41302,35,0,NE,200,,,"FISCHER, Debra (Deb)",F000463,1951,,0.471,0.343,-24.178,0.95854,571,9,,0.481,0.483,
116,Senate,41503,35,0,NE,200,,,"SASSE, Benjamin Eric",S001197,1972,,0.789,-0.192,-35.56569,0.93804,556,14,,0.716,-0.009,
116,Senate,21743,65,0,NV,100,,,"ROSEN, Jacklyn Sheryl",R000608,1957,,-0.281,0.287,-57.37493,0.90472,573,17,,-0.314,0.326,
116,Senate,41700,65,0,NV,100,,,"CORTEZ MASTO, Catherine Marie",C001113,1964,,-0.371,0.343,-57.59546,0.90453,574,27,,-0.352,0.334,
116,Senate,40906,4,0,NH,100,,,"SHAHEEN, Jeanne",S001181,1947,,-0.239,-0.136,-70.94072,0.88412,576,29,,-0.216,-0.011,
116,Senate,41702,4,0,NH,100,,,"HASSAN, Margaret (Maggie)",H001076,1958,,-0.241,-0.019,-63.33802,0.89604,577,25,,-0.225,0.028,
116,Senate,29373,12,0,NJ,100,,,"MENENDEZ, Robert",M000639,1954,,-0.366,-0.126,-116.10558,0.81716,575,50,,-0.377,-0.142,
116,Senate,41308,12,0,NJ,100,,,"BOOKER, Cory Anthony",B001288,1969,,-0.599,-0.241,-38.67213,0.88515,317,19,,-0.563,-0.375,
116,Senate,20930,66,0,NM,100,,,"HEINRICH, Martin",H001046,1971,,-0.326,-0.025,-117.84063,0.80963,558,55,,-0.391,-0.014,
116,Senate,29924,66,0,NM,100,,,"UDALL, Thomas (Tom)",U000039,1948,,-0.453,0.163,-79.9566,0.86826,566,36,,-0.434,0.046,
116,Senate,14858,13,0,NY,100,,,"SCHUMER, Charles Ellis (Chuck)",S000148,1950,,-0.359,-0.406,-101.04346,0.83936,577,42,,-0.412,-0.409,
116,Senate,20735,13,0,NY,100,,,"GILLIBRAND, Kirsten",G000555,1966,,-0.475,-0.439,-81.67793,0.84202,475,47,,-0.698,-0.441,
116,Senate,29548,47,0,NC,200,,,"BURR, Richard M.",B001135,1955,,0.45,-0.054,-25.63951,0.9503,503,5,,0.337,0.187,
116,Senate,41504,47,0,NC,200,,,"TILLIS, Thomas Roland (Thom)",T000476,1960,,0.426,0.063,-35.86829,0.93596,542,16,,0.426,0.196,
116,Senate,21350,36,0,ND,200,,,"CRAMER, Kevin",C001096,1961,,0.388,0.288,-21.53788,0.96227,560,8,,0.369,0.253,
116,Senate,41107,36,0,ND,200,,,"HOEVEN, John",H001061,1957,,0.343,0.328,-23.48278,0.95936,566,9,,0.366,0.282,
116,Senate,29386,24,0,OH,200,,,"PORTMAN, Robert Jones (Rob)",P000449,1955,,0.373,-0.236,-28.74545,0.95124,575,8,,0.308,0.101,
116,Senate,29389,24,0,OH,100,,,"BROWN, Sherrod",B000944,1952,,-0.43,-0.115,-118.44081,0.81118,566,51,,-0.385,-0.111,
116,Senate,15424,53,0,OK,200,,,"INHOFE, James Mountain",I000024,1934,,0.555,0.045,-45.14351,0.92308,564,27,,0.622,-0.029,
116,Senate,21166,53,0,OK,200,,,"LANKFORD, James",L000575,1968,,0.59,0.174,-32.30794,0.94555,577,13,,0.694,0.281,
116,Senate,14871,72,0,OR,100,,,"WYDEN, Ronald Lee",W000779,1949,,-0.329,-0.471,-117.56532,0.81303,568,61,,-0.375,-0.61,
116,Senate,40908,72,0,OR,100,,,"MERKLEY, Jeff",M001176,1956,,-0.443,-0.737,-72.51779,0.88093,572,25,,-0.408,-0.713,
116,Senate,29935,14,0,PA,200,,,"TOOMEY, Patrick Joseph",T000461,1961,,0.647,-0.287,-56.1761,0.90307,551,22,,0.715,-0.139,
116,Senate,40703,14,0,PA,100,,,"CASEY, Robert (Bob), Jr.",C001070,1960,,-0.312,0.197,-90.60339,0.85468,577,41,,-0.331,0.232,
116,Senate,29142,5,0,RI,100,,,"REED, John F. (Jack)",R000122,1949,,-0.369,-0.172,-102.17436,0.8372,575,55,,-0.324,-0.05,
116,Senate,40704,5,0,RI,100,,,"WHITEHOUSE, Sheldon",W000802,1955,,-0.358,-0.105,-101.78027,0.82646,534,42,,-0.297,-0.033,
116,Senate,21173,48,0,SC,200,,,"SCOTT, Tim",S001184,1965,,0.637,-0.005,-41.23678,0.93033,571,19,,0.561,0.076,
116,Senate,29566,48,0,SC,200,,,"GRAHAM, Lindsey O.",G000359,1955,,0.405,-0.17,-29.92628,0.94751,555,8,,0.317,0.004,
116,Senate,29754,37,0,SD,200,,,"THUNE, John",T000250,1961,,0.411,0.138,-25.41732,0.95676,575,12,,0.392,0.284,
116,Senate,41505,37,0,SD,200,,,"ROUNDS, Marion Michael (Mike)",R000605,1954,,0.407,0.124,-37.23293,0.93038,516,20,,0.436,0.389,
116,Senate,20351,54,0,TN,200,,,"BLACKBURN, Marsha",B001243,1952,,0.619,0.129,-41.75052,0.92913,568,17,,0.695,0.152,
116,Senate,40304,54,0,TN,200,,,"ALEXANDER, Lamar",A000360,1940,,0.323,-0.178,-27.63313,0.94278,469,9,,0.317,-0.09,
116,Senate,40305,49,0,TX,200,,,"CORNYN, John",C001056,1952,,0.492,-0.01,-37.42307,0.93645,570,17,,0.443,0.08,
116,Senate,41304,49,0,TX,200,,,"CRUZ, Rafael Edward (Ted)",C001098,1970,,0.822,-0.275,-42.12343,0.92627,550,19,,0.851,-0.102,
116,Senate,41110,67,0,UT,200,,,"LEE, Mike",L000577,1971,,0.917,-0.4,-108.5906,0.8257,567,63,,0.904,-0.428,
116,Senate,41902,67,0,UT,200,,,"ROMNEY, Willard Mitt (Mitt)",R000615,1947,,0.39,0.712,-71.23286,0.88291,572,25,,0.39,0.712,
116,Senate,14307,6,0,VT,100,,,"LEAHY, Patrick Joseph",L000174,1940,,-0.361,-0.123,-105.49539,0.82717,556,60,,-0.28,-0.05,
116,Senate,29147,6,0,VT,328,,,"SANDERS, Bernard",S000033,1941,,-0.527,-0.379,-35.61896,0.85478,227,14,,-0.806,-0.301,
116,Senate,40909,40,0,VA,100,,,"WARNER, Mark",W000805,1954,,-0.201,-0.029,-63.43184,0.89291,560,22,,-0.227,-0.002,
116,Senate,41305,40,0,VA,100,,,"KAINE, Timothy Michael (Tim)",K000384,1958,,-0.241,-0.061,-77.42034,0.87237,567,33,,-0.252,0,
116,Senate,39310,73,0,WA,100,,,"CANTWELL, Maria E.",C000127,1958,,-0.304,-0.427,-99.44252,0.84068,573,40,,-0.358,-0.385,
116,Senate,49308,73,0,WA,100,,,"MURRAY, Patty",M001111,1950,,-0.352,-0.313,-83.83613,0.85838,549,34,,-0.401,-0.279,
116,Senate,20146,56,0,WV,200,,,"CAPITO, Shelley Moore",C001047,1953,,0.263,0.06,-26.46918,0.95216,540,4,,0.318,0.183,
116,Senate,40915,56,0,WV,100,,,"MANCHIN, Joe, III",M001183,1947,,-0.055,0.439,-56.76916,0.90536,571,15,,-0.044,0.366,
116,Senate,29940,25,0,WI,100,,,"BALDWIN, Tammy",B001230,1962,,-0.493,-0.14,-131.53312,0.79552,575,65,,-0.393,0.002,
116,Senate,41111,25,0,WI,200,,,"JOHNSON, Ron",J000293,1955,,0.606,-0.274,-45.39815,0.92105,552,22,,0.611,0.001,
116,Senate,40707,68,0,WY,200,,,"BARRASSO, John A.",B001261,1952,,0.541,0.246,-29.50326,0.95015,577,17,,0.607,0.311,
116,Senate,49706,68,0,WY,200,,,"ENZI, Michael B.",E000285,1944,,0.545,0.198,-42.17328,0.92868,570,16,,0.589,0.406,